Experiment No: 1.4 ACCESSING DATABASE:  (SELECT, Filtering using WHERE, HAVING,  ORDER BY Clauses)
--------------------------------------------------------------------------------------------------

1.    List all customer details.
--------------------------------
mysql> select * from Customer;
+-----+---------+----------------------+-------------+------------+
| id  | name    | address              | city        | ph_no      |
+-----+---------+----------------------+-------------+------------+
| 100 | Hari    | Kurupputhodyil House | Mannarkkad  | 9025487910 |
| 102 | Vyshnav | Karthika House       | Kozhikode   | 9539963457 |
| 104 | Minhaj  | Green villa          | kallanthode | 9532147457 |
| 105 | Minhaj  | Dreams House         | Malappuram  | 8086909478 |
| 106 | Vishnu  | Vishnuvilasam House  | Wayanad     | 7854328521 |
| 107 | mishub  | ramzaaan mahal       | kozhikode   | NULL       |
| 108 | nihal   | eidul manzil         | kozhikode   | NULL       |
+-----+---------+----------------------+-------------+------------+
7 rows in set (0.00 sec)


-------------------------------------------------------------------------------------------


2.    List pname, price of all products.
----------------------------------------

mysql>  select pname,price from Product;

+----------------------+-------+
| pname                | price |
+----------------------+-------+
| DARK CHOCALATE       |     1 |
| PINPOINT PEN         |    10 |
| KABSA KIT            |   147 |
| BASUMATHI RISE       |    88 |
| AASHIRVAD AATTA 1KG  |    78 |
| DIARYMILK SILK       |   132 |
| LAYS CHIPS           |    98 |
| 7UP 1 LTR            |    88 |
| DINNER SET           |   979 |
| ONION                |    97 |
| FOG BODYSPRAY        |   245 |
| CHILLY POWDER        |   142 |
| COCONUT OIL 1 LTR    |   176 |
+----------------------+-------+
13 rows in set (0.00 sec)
----------------------------------------------------------------------------------------


3.    List all invoice items, avoid duplicates.
-----------------------------------------------
mysql>  SELECT * FROM invoice_item;
+--------+------+----------+
| inv_id | pid  | quantity |
+--------+------+----------+
|   1002 |  301 |        2 |
|   1002 |  332 |        4 |
|   1236 |  339 |        3 |
|   1790 |  432 |        2 |
+--------+------+----------+
4 rows in set (0.00 sec)

mysql>  select distinct inv_id from invoice_item;

+--------+
| inv_id |
+--------+
|   1002 |
|   1236 |
|   1790 |
+--------+
3 rows in set (0.03 sec)

-----------------------------------------------------------------------------------------

4.    List Product price between 50rs and 150rs
------------------------------------------------

+-----+----------------------+-------+
| pid | pname                | price |
+-----+----------------------+-------+
| 332 | KABSA KIT            |   147 |
| 335 | BASUMATHI RISE       |    88 |
| 339 | AASHIRVAD AATTA 1KG  |    78 |
| 432 | DIARYMILK SILK       |   132 |
| 447 | LAYS CHIPS           |    98 |
| 456 | 7UP 1 LTR            |    88 |
| 487 | ONION                |    97 |
| 743 | CHILLY POWDER        |   142 |
+-----+----------------------+-------+
8 rows in set (0.00 sec)

-----------------------------------------

5.    List the customer details who lives in 'wayanad','kozhikode'.
----------------------------------------------------------

mysql>  SELECT * FROM Customer WHERE city IN('wayanad','kozhikode');
+-----+---------+---------------------+-----------+------------+
| id  | name    | address             | city      | ph_no      |
+-----+---------+---------------------+-----------+------------+
| 102 | Vyshnav | Karthika House      | Kozhikode | 9539963457 |
| 106 | Vishnu  | Vishnuvilasam House | Wayanad   | 7854328521 |
| 107 | mishub  | ramzaaan mahal      | kozhikode | NULL       |
| 108 | nihal   | eidul manzil        | kozhikode | NULL       |
+-----+---------+---------------------+-----------+------------+
4 rows in set (0.01 sec)


-----------------------------------------------------------------------------------------

6.    List the invoice details from ist January 2023 to 22th march 2023
---------------------------------------------------------------------------
mysql>  SELECT * FROM invoice_master;
+--------+---------+------------+
| inv_id | cust_id | inv_date   |
+--------+---------+------------+
|   1002 |     100 | 2023-03-22 |
|   1176 |     100 | 2023-04-23 |
|   1236 |     104 | 2023-01-02 |
|   1790 |     100 | 2023-01-25 |
+--------+---------+------------+
4 rows in set (0.00 sec)


 select * from invoice_master where inv_date between '2023-01-01' and  '2023-03-22';


+--------+---------+------------+
| inv_id | cust_id | inv_date   |
+--------+---------+------------+
|   1002 |     100 | 2023-03-22 |
|   1236 |     104 | 2023-01-02 |
|   1790 |     100 | 2023-01-25 |
+--------+---------+------------+
3 rows in set (0.00 sec)

-------------------------------------------------------------------------------------

7.    List the customer details who not live in ‘Kozhikode’.
------------------------------------------------------------------
mysql>   Select * FROM Customer WHERE CITY!="kozhikode" ;

+-----+--------+----------------------+-------------+------------+
| id  | name   | address              | city        | ph_no      |
+-----+--------+----------------------+-------------+------------+
| 100 | Hari   | Kurupputhodyil House | Mannarkkad  | 9025487910 |
| 104 | Minhaj | Green villa          | kallanthode | 9532147457 |
| 105 | Minhaj | Dreams House         | Malappuram  | 8086909478 |
| 106 | Vishnu | Vishnuvilasam House  | Wayanad     | 7854328521 |
+-----+--------+----------------------+-------------+------------+
4 rows in set (0.02 sec)
-------------------------------------------------------------------------------


8.  List the customers who have no phone number.


mysql>   Select * FROM Customer ;
+-----+---------+----------------------+-------------+------------+
| id  | name    | address              | city        | ph_no      |
+-----+---------+----------------------+-------------+------------+
| 100 | Hari    | Kurupputhodyil House | Mannarkkad  | 9025487910 |
| 102 | Vyshnav | Karthika House       | Kozhikode   | 9539963457 |
| 104 | Minhaj  | Green villa          | kallanthode | 9532147457 |
| 105 | Minhaj  | Dreams House         | Malappuram  | 8086909478 |
| 106 | Vishnu  | Vishnuvilasam House  | Wayanad     | 7854328521 |
| 107 | mishub  | ramzaaan mahal       | kozhikode   | NULL       |
| 108 | nihal   | eidul manzil         | kozhikode   | NULL       |
+-----+---------+----------------------+-------------+------------+
7 rows in set (0.00 sec)


mysql> select * from Customer where ph_no is null;
+-----+--------+----------------+-----------+-------+
| id  | name   | address        | city      | ph_no |
+-----+--------+----------------+-----------+-------+
| 107 | mishub | ramzaaan mahal | kozhikode | NULL  |
| 108 | nihal  | eidul manzil   | kozhikode | NULL  |
+-----+--------+----------------+-----------+-------+
2 rows in set (0.00 sec)

---------------------------------------------------------------------------------------


9. Display customer names in descending order.

------------------------------------------------



mysql>   select * from Customer order by name desc;
+-----+---------+----------------------+-------------+------------+
| id  | name    | address              | city        | ph_no      |
+-----+---------+----------------------+-------------+------------+
| 102 | Vyshnav | Karthika House       | Kozhikode   | 9539963457 |
| 106 | Vishnu  | Vishnuvilasam House  | Wayanad     | 7854328521 |
| 108 | nihal   | eidul manzil         | kozhikode   | NULL       |
| 107 | mishub  | ramzaaan mahal       | kozhikode   | NULL       |
| 104 | Minhaj  | Green villa          | kallanthode | 9532147457 |
| 105 | Minhaj  | Dreams House         | Malappuram  | 8086909478 |
| 100 | Hari    | Kurupputhodyil House | Mannarkkad  | 9025487910 |
+-----+---------+----------------------+-------------+------------+
7 rows in set (0.00 sec)

------------------------------------------------------------------------------------------------

10.  Display the customer details sorted in ascending by city and descending by names.
--------------------------------------------------------------------------------------------


mysql> select * from Customer order by city asc,name desc;
+-----+---------+----------------------+-------------+------------+
| id  | name    | address              | city        | ph_no      |
+-----+---------+----------------------+-------------+------------+
| 104 | Minhaj  | Green villa          | kallanthode | 9532147457 |
| 102 | Vyshnav | Karthika House       | Kozhikode   | 9539963457 |
| 108 | nihal   | eidul manzil         | kozhikode   | NULL       |
| 107 | mishub  | ramzaaan mahal       | kozhikode   | NULL       |
| 105 | Minhaj  | Dreams House         | Malappuram  | 8086909478 |
| 100 | Hari    | Kurupputhodyil House | Mannarkkad  | 9025487910 |
| 106 | Vishnu  | Vishnuvilasam House  | Wayanad     | 7854328521 |
+-----+---------+----------------------+-------------+------------+
7 rows in set (0.00 sec)

---------------------------------------------------------------------------------------------

11. Find the customer names start with ‘h’.
--------------------------------------------


mysql> select name from Customer where name like 'h%';
+------+
| name |
+------+
| Hari |
+------+
1 row in set (0.00 sec)

------------------------------------------------

12. Find the customer names who have ‘e’ or ‘i’ in them.
--------------------------------------------------------


mysql> select name from Customer where name like '%i%' or name like '%e%';
+--------+
| name   |
+--------+
| Hari   |
| Minhaj |
| Minhaj |
| Vishnu |
| mishub |
| nihal  |
+--------+
6 rows in set (0.00 sec)

------------------------------------------------------------------------------

13. Find the customer names who have at least 3 characters.
-----------------------------------------------------------

mysql> select name from Customer where name like '___%';
+---------+
| name    |
+---------+
| Hari    |
| Vyshnav |
| Minhaj  |
| Minhaj  |
| Vishnu  |
| mishub  |
| nihal   |
+---------+
7 rows in set (0.00 sec)

--------------------------------------------------------------

14. List the names of customers their names have ‘a’ in second position.
-------------------------------------------------------------------------

mysql> select name from Customer where name like '_a%';
+------+
| name |
+------+
| Hari |
+------+
1 row in set (0.00 sec)

------------------------------------------------------------------------------


15. Find the customer names start with ‘m’ and are at least 3 characters in length.
------------------------------------------------------------------------------------

mysql> select name from Customer where name like 'M__%';
+--------+
| name   |
+--------+
| Minhaj |
| Minhaj |
| mishub |
+--------+
3 rows in set (0.00 sec)

 // completed






























